<?xml version="1.0" encoding="UTF-8"?>
<project-private xmlns="http://www.netbeans.org/ns/project-private/1">
    <editor-bookmarks xmlns="http://www.netbeans.org/ns/editor-bookmarks/2" lastBookmarkId="0"/>
    <open-files xmlns="http://www.netbeans.org/ns/projectui-open-files/2">
        <group>
            <file>file:/Users/mac/NetBeansProjects/TicketMng/index.php</file>
            <file>file:/Users/mac/NetBeansProjects/TicketMng/unban.php</file>
            <file>file:/Users/mac/NetBeansProjects/TicketMng/login.php</file>
            <file>file:/Users/mac/NetBeansProjects/TicketMng/loadTable.php</file>
            <file>file:/Users/mac/NetBeansProjects/TicketMng/ticketDetail.php</file>
            <file>file:/Users/mac/NetBeansProjects/TicketMng/table1.php</file>
        </group>
    </open-files>
</project-private>
